{
    "weights": {
        "food_distance": -0.5981155338677817,
        "wall_distance": -0.9042725798710012,
        "tail_distance": 0.5735865489433984,
        "space_freedom": -0.8981053801490377
    },
    "fitness": 6561,
    "generation": 50
}