{
    "weights": {
        "food_distance": -0.6164583337251601,
        "wall_distance": 0.676503397697565,
        "tail_distance": -0.2860059654210645,
        "space_freedom": -0.43752590677732606
    },
    "fitness": 4830,
    "generation": 20
}