{
    "weights": {
        "food_distance": -0.2663685428672538,
        "wall_distance": -0.6087174298957907,
        "tail_distance": 0.00971171382326834,
        "space_freedom": 0.24786236125944017
    },
    "fitness": 5850,
    "generation": 20
}