{
    "weights": {
        "food_distance": -0.5874668206990677,
        "wall_distance": 0.5021506503639277,
        "tail_distance": 0.6251460965849815,
        "space_freedom": 0.31721390753677725
    },
    "fitness": 5147,
    "generation": 50
}