{
    "weights": {
        "food_distance": -0.5272480155101846,
        "wall_distance": -0.4868050104428304,
        "tail_distance": 0.07875085499830628,
        "space_freedom": 0.6678169392394685
    },
    "fitness": 6800,
    "generation": 50
}