{
    "weights": {
        "food_distance": -0.6667833988668106,
        "wall_distance": 0.5074535787705965,
        "tail_distance": -0.39347271165120207,
        "space_freedom": 0.047101229677047884
    },
    "fitness": 5773,
    "generation": 20
}