{
    "weights": {
        "food_distance": -0.5211341413593834,
        "wall_distance": 0.1324520541673142,
        "tail_distance": 0.5585497084741726,
        "space_freedom": -0.258622602028336
    },
    "fitness": 6662,
    "generation": 20
}