{
    "weights": {
        "food_distance": -0.5480160489509605,
        "wall_distance": -0.09371573355472185,
        "tail_distance": -0.04785554485617459,
        "space_freedom": -0.21969910350988386
    },
    "fitness": 4944,
    "generation": 50
}