{
    "weights": {
        "food_distance": 0.7592428306145318,
        "wall_distance": 0.9231995898446084,
        "tail_distance": 0.18099062801518162,
        "space_freedom": -0.5535233306452705
    },
    "fitness": 6089,
    "generation": 20
}